b,25weeks,50weeks,100weeks
1.0,0.0004902218553926478,7.598516072935954e-13,1.8255765684245098e-30
0.8,1.9488949880582531,2.5175615607643584e-06,4.09097248667843e-18
0.6,0.00038452067316559294,0.0023036100335225036,0.040063511190844024
0.5,2.047845158239734e-07,4.1910217853572495e-10,8.779543452110962e-16
